Tier	Begin time	End time	Duration	Annotation
annotation	00:00:14.361	00:00:15.061	0.700	S
annotation	00:00:15.061	00:00:15.760	0.700	R
annotation	00:00:15.760	00:00:16.536	0.776	G
annotation	00:00:16.536	00:00:16.888	0.352	R
annotation	00:00:16.888	00:00:17.240	0.352	G
annotation	00:00:17.240	00:00:18.552	1.313	R
annotation	00:00:18.552	00:00:18.955	0.403	R
annotation	00:00:18.955	00:00:19.358	0.403	G
annotation	00:00:19.358	00:00:19.725	0.367	R
annotation	00:00:19.725	00:00:20.092	0.367	R
annotation	00:00:20.092	00:00:20.753	0.661	S
annotation	00:00:20.753	00:00:21.080	0.327	S
annotation	00:00:21.080	00:00:21.407	0.327	R
annotation	00:00:21.407	00:00:21.730	0.324	S
annotation	00:00:21.730	00:00:22.054	0.324	N
annotation	00:00:22.054	00:00:22.720	0.666	D
annotation	00:00:22.720	00:00:23.109	0.389	G
annotation	00:00:23.109	00:00:23.454	0.345	R
annotation	00:00:23.454	00:00:23.803	0.349	R
annotation	00:00:23.803	00:00:24.119	0.316	G
annotation	00:00:24.119	00:00:24.501	0.382	R
annotation	00:00:24.501	00:00:24.850	0.349	S
annotation	00:00:24.850	00:00:25.200	0.350	N
annotation	00:00:25.200	00:00:25.550	0.350	D
annotation	00:00:36.498	00:00:36.817	0.318	S
annotation	00:00:36.817	00:00:37.151	0.335	R
annotation	00:00:37.151	00:00:37.500	0.348	P
annotation	00:00:37.500	00:00:37.819	0.319	M
annotation	00:00:37.819	00:00:38.182	0.363	G
annotation	00:00:38.182	00:00:38.519	0.337	R
annotation	00:00:38.519	00:00:38.890	0.371	S
annotation	00:00:38.890	00:00:39.262	0.371	D
annotation	00:00:39.262	00:00:39.616	0.354	D
annotation	00:00:39.616	00:00:39.970	0.354	M
annotation	00:00:39.970	00:00:40.318	0.347	G
annotation	00:00:40.318	00:00:40.665	0.347	R
annotation	00:00:40.665	00:00:41.006	0.341	S
annotation	00:00:41.006	00:00:41.340	0.333	D
annotation	00:00:41.340	00:00:41.689	0.350	S
annotation	00:00:41.689	00:00:42.042	0.353	R
annotation	00:00:42.042	00:00:42.368	0.326	M
annotation	00:00:42.368	00:00:42.705	0.337	P
annotation	00:00:42.705	00:00:43.020	0.316	D
annotation	00:00:43.020	00:00:43.461	0.441	R
annotation	00:00:43.461	00:00:44.124	0.662	S
annotation	00:00:44.124	00:00:44.460	0.336	M
annotation	00:00:44.460	00:00:44.721	0.261	P
annotation	00:00:44.721	00:00:45.101	0.380	D
annotation	00:00:45.101	00:00:45.360	0.258	N
annotation	00:00:45.360	00:00:45.734	0.374	D
annotation	00:00:45.734	00:00:46.039	0.305	M
annotation	00:00:46.039	00:00:46.439	0.401	G
annotation	00:00:46.439	00:00:46.769	0.329	R
annotation	00:00:46.769	00:00:47.081	0.312	S
annotation	00:00:47.081	00:00:47.420	0.340	D
annotation	00:00:57.939	00:00:58.270	0.331	D
annotation	00:00:58.270	00:00:58.587	0.317	D
annotation	00:00:58.587	00:00:58.920	0.333	P
annotation	00:00:58.920	00:00:59.261	0.340	M
annotation	00:00:59.261	00:00:59.581	0.320	P
annotation	00:00:59.581	00:00:59.881	0.300	D
annotation	00:00:59.881	00:01:00.258	0.377	R
annotation	00:01:00.258	00:01:00.569	0.311	M
annotation	00:01:00.569	00:01:00.894	0.325	P
annotation	00:01:00.894	00:01:01.218	0.325	D
annotation	00:01:01.218	00:01:01.881	0.663	M
annotation	00:01:01.881	00:01:02.193	0.312	G
annotation	00:01:02.193	00:01:02.501	0.308	R
annotation	00:01:02.501	00:01:02.780	0.279	S
annotation	00:01:02.780	00:01:03.156	0.375	R
annotation	00:01:03.156	00:01:03.530	0.374	R
annotation	00:01:03.530	00:01:03.903	0.374	S
annotation	00:01:03.903	00:01:04.254	0.350	N
annotation	00:01:04.254	00:01:04.560	0.306	D
annotation	00:01:04.560	00:01:04.917	0.357	N
annotation	00:01:04.917	00:01:05.229	0.312	D
annotation	00:01:05.229	00:01:05.588	0.359	P
annotation	00:01:05.588	00:01:05.948	0.359	D
annotation	00:01:05.948	00:01:06.295	0.347	P
annotation	00:01:06.295	00:01:06.642	0.347	M
annotation	00:01:06.642	00:01:06.975	0.332	P
annotation	00:01:06.975	00:01:07.307	0.332	D
annotation	00:01:07.307	00:01:08.753	1.446	S
annotation	00:01:19.319	00:01:19.636	0.317	P
annotation	00:01:19.636	00:01:19.972	0.336	D
annotation	00:01:19.972	00:01:20.329	0.357	S
annotation	00:01:20.329	00:01:20.640	0.311	R
annotation	00:01:20.640	00:01:21.020	0.380	G
annotation	00:01:21.020	00:01:21.320	0.300	R
annotation	00:01:21.320	00:01:21.980	0.661	R
annotation	00:01:21.980	00:01:22.334	0.354	G
annotation	00:01:22.334	00:01:22.674	0.340	R
annotation	00:01:22.674	00:01:23.015	0.340	R
annotation	00:01:23.015	00:01:23.339	0.324	G
annotation	00:01:23.339	00:01:23.682	0.343	R
annotation	00:01:23.682	00:01:24.010	0.328	S
annotation	00:01:24.010	00:01:24.356	0.346	N
annotation	00:01:24.356	00:01:24.680	0.324	D
annotation	00:01:24.680	00:01:25.027	0.347	R
annotation	00:01:25.027	00:01:25.640	0.614	S
annotation	00:01:25.640	00:01:25.980	0.340	N
annotation	00:01:25.980	00:01:26.324	0.344	D
annotation	00:01:26.324	00:01:26.647	0.322	P
annotation	00:01:26.647	00:01:27.008	0.362	D
annotation	00:01:27.008	00:01:27.719	0.711	M
annotation	00:01:27.719	00:01:28.068	0.349	G
annotation	00:01:28.068	00:01:28.418	0.350	R
annotation	00:01:28.418	00:01:28.740	0.322	S
annotation	00:01:28.740	00:01:29.449	0.709	S
annotation	00:01:29.449	00:01:29.799	0.350	N
annotation	00:01:29.799	00:01:30.150	0.350	D
annotation	00:01:41.018	00:01:41.619	0.601	S
annotation	00:01:41.619	00:01:41.958	0.340	R
annotation	00:01:41.958	00:01:42.280	0.322	G
annotation	00:01:42.280	00:01:42.640	0.360	R
annotation	00:01:42.640	00:01:42.955	0.315	S
annotation	00:01:42.955	00:01:43.601	0.646	R
annotation	00:01:43.601	00:01:43.925	0.324	S
annotation	00:01:43.925	00:01:44.272	0.347	G
annotation	00:01:44.272	00:01:44.606	0.335	R
annotation	00:01:44.606	00:01:44.901	0.295	S
annotation	00:01:44.901	00:01:45.221	0.319	N
annotation	00:01:45.221	00:01:45.579	0.359	D
annotation	00:01:45.579	00:01:45.920	0.341	P
annotation	00:01:45.920	00:01:46.240	0.319	D
annotation	00:01:46.240	00:01:46.939	0.700	R
annotation	00:01:46.939	00:01:47.241	0.302	S
annotation	00:01:47.241	00:01:47.560	0.319	G
annotation	00:01:47.560	00:01:47.879	0.319	R
annotation	00:01:47.879	00:01:48.239	0.360	G
annotation	00:01:48.239	00:01:48.538	0.299	S
annotation	00:01:48.538	00:01:48.840	0.302	R
annotation	00:01:48.840	00:01:49.180	0.340	D
annotation	00:01:49.180	00:01:49.458	0.279	S
annotation	00:01:49.458	00:01:49.781	0.322	R
annotation	00:01:49.781	00:01:50.149	0.368	M
annotation	00:01:50.149	00:01:51.131	0.982	P
annotation	00:01:51.131	00:01:51.450	0.319	D
annotation	00:02:02.441	00:02:02.781	0.340	D
annotation	00:02:02.781	00:02:03.132	0.351	P
annotation	00:02:03.132	00:02:03.440	0.307	M
annotation	00:02:03.440	00:02:04.126	0.686	R
annotation	00:02:04.126	00:02:04.499	0.373	M
annotation	00:02:04.499	00:02:04.821	0.322	P
annotation	00:02:04.821	00:02:05.120	0.299	D
annotation	00:02:05.120	00:02:05.440	0.319	S
annotation	00:02:05.440	00:02:05.759	0.319	R
annotation	00:02:05.759	00:02:06.159	0.401	S
annotation	00:02:06.159	00:02:06.461	0.302	P
annotation	00:02:06.461	00:02:06.801	0.340	M
annotation	00:02:06.801	00:02:07.140	0.340	D
annotation	00:02:07.140	00:02:07.460	0.319	P
annotation	00:02:07.460	00:02:07.782	0.322	N
annotation	00:02:07.782	00:02:08.101	0.319	D
annotation	00:02:08.101	00:02:08.441	0.340	N
annotation	00:02:08.441	00:02:08.740	0.299	P
annotation	00:02:08.740	00:02:09.082	0.342	D
annotation	00:02:09.082	00:02:09.399	0.316	M
annotation	00:02:09.399	00:02:09.721	0.322	P
annotation	00:02:09.721	00:02:10.089	0.368	S
annotation	00:02:10.089	00:02:10.416	0.328	R
annotation	00:02:10.416	00:02:10.681	0.265	M
annotation	00:02:10.681	00:02:11.026	0.345	P
annotation	00:02:11.026	00:02:11.340	0.314	D
annotation	00:02:11.340	00:02:11.619	0.279	N
annotation	00:02:11.619	00:02:12.903	1.284	D
annotation	00:02:23.727	00:02:24.140	0.414	N
annotation	00:02:24.140	00:02:24.471	0.331	D
annotation	00:02:24.471	00:02:24.840	0.368	P
annotation	00:02:24.840	00:02:25.539	0.700	M
annotation	00:02:25.539	00:02:25.841	0.302	P
annotation	00:02:25.841	00:02:26.160	0.319	S
annotation	00:02:26.160	00:02:26.480	0.319	N
annotation	00:02:26.480	00:02:26.856	0.377	D
annotation	00:02:26.856	00:02:27.522	0.665	P
annotation	00:02:27.522	00:02:27.841	0.319	D
annotation	00:02:27.841	00:02:28.160	0.319	R
annotation	00:02:28.160	00:02:28.480	0.319	S
annotation	00:02:28.480	00:02:28.820	0.340	N
annotation	00:02:28.820	00:02:29.162	0.342	D
annotation	00:02:29.162	00:02:29.820	0.659	P
annotation	00:02:29.820	00:02:30.180	0.360	M
annotation	00:02:30.180	00:02:30.860	0.679	D
annotation	00:02:30.860	00:02:31.211	0.352	P
annotation	00:02:31.211	00:02:31.582	0.371	N
annotation	00:02:31.582	00:02:31.922	0.340	D
annotation	00:02:31.922	00:02:32.200	0.279	P
annotation	00:02:32.200	00:02:32.540	0.340	D
annotation	00:02:32.540	00:02:32.842	0.302	S
annotation	00:02:32.842	00:02:33.181	0.339	R
annotation	00:02:33.181	00:02:33.527	0.346	G
annotation	00:02:33.527	00:02:33.861	0.334	R
annotation	00:02:33.861	00:02:34.520	0.659	R
annotation	00:02:45.360	00:02:45.684	0.323	D
annotation	00:02:45.684	00:02:46.053	0.370	G
annotation	00:02:46.053	00:02:46.414	0.361	R
annotation	00:02:46.414	00:02:46.775	0.361	S
annotation	00:02:46.775	00:02:47.061	0.287	N
annotation	00:02:47.061	00:02:47.401	0.340	D
annotation	00:02:47.401	00:02:47.740	0.340	D
annotation	00:02:47.740	00:02:48.019	0.279	S
annotation	00:02:48.019	00:02:48.379	0.360	N
annotation	00:02:48.379	00:02:48.706	0.327	D
annotation	00:02:48.706	00:02:49.061	0.355	P
annotation	00:02:49.061	00:02:49.374	0.313	M
annotation	00:02:49.374	00:02:49.781	0.407	G
annotation	00:02:49.781	00:02:50.480	0.700	R
annotation	00:02:50.480	00:02:50.808	0.327	S
annotation	00:02:50.808	00:02:51.172	0.365	G
annotation	00:02:51.172	00:02:51.893	0.721	R
annotation	00:02:51.893	00:02:52.260	0.366	S
annotation	00:02:52.260	00:02:52.559	0.299	N
annotation	00:02:52.559	00:02:52.901	0.342	D
annotation	00:02:52.901	00:02:53.220	0.319	R
annotation	00:02:53.220	00:02:53.519	0.299	S
annotation	00:02:53.519	00:02:53.859	0.340	N
annotation	00:02:53.859	00:02:54.222	0.363	D
annotation	00:02:54.222	00:02:54.500	0.279	P
annotation	00:02:54.500	00:02:54.881	0.380	M
annotation	00:02:54.881	00:02:55.159	0.279	G
annotation	00:02:55.159	00:02:55.498	0.339	R
annotation	00:02:55.498	00:02:55.862	0.363	S
annotation	00:02:55.862	00:02:56.178	0.316	D
annotation	00:03:06.974	00:03:07.281	0.308	S
annotation	00:03:07.281	00:03:07.559	0.277	R
annotation	00:03:07.559	00:03:07.914	0.355	G
annotation	00:03:07.914	00:03:08.076	0.163	R
annotation	00:03:08.076	00:03:08.220	0.144	G
annotation	00:03:08.220	00:03:08.927	0.706	R
annotation	00:03:08.927	00:03:09.082	0.155	R
annotation	00:03:09.082	00:03:09.237	0.155	G
annotation	00:03:09.237	00:03:09.391	0.155	R
annotation	00:03:09.391	00:03:09.546	0.155	R
annotation	00:03:09.546	00:03:09.878	0.331	S
annotation	00:03:09.878	00:03:10.043	0.166	S
annotation	00:03:10.043	00:03:10.209	0.166	R
annotation	00:03:10.209	00:03:10.369	0.160	S
annotation	00:03:10.369	00:03:10.528	0.160	N
annotation	00:03:10.528	00:03:10.847	0.319	D
annotation	00:03:10.847	00:03:11.030	0.182	G
annotation	00:03:11.030	00:03:11.212	0.182	R
annotation	00:03:11.212	00:03:11.394	0.182	R
annotation	00:03:11.394	00:03:11.619	0.225	G
annotation	00:03:11.619	00:03:11.756	0.137	R
annotation	00:03:11.756	00:03:11.937	0.180	S
annotation	00:03:11.937	00:03:12.117	0.180	N
annotation	00:03:12.117	00:03:12.322	0.205	D
annotation	00:03:12.322	00:03:12.459	0.137	S
annotation	00:03:12.459	00:03:12.621	0.161	R
annotation	00:03:12.621	00:03:12.801	0.180	P
annotation	00:03:12.801	00:03:12.981	0.180	M
annotation	00:03:12.981	00:03:13.118	0.138	G
annotation	00:03:13.118	00:03:13.280	0.161	R
annotation	00:03:13.280	00:03:13.480	0.200	S
annotation	00:03:13.480	00:03:13.639	0.160	D
annotation	00:03:13.639	00:03:13.812	0.172	D
annotation	00:03:13.812	00:03:13.979	0.167	M
annotation	00:03:13.979	00:03:14.152	0.173	G
annotation	00:03:14.152	00:03:14.323	0.170	R
annotation	00:03:14.323	00:03:14.501	0.179	S
annotation	00:03:14.501	00:03:14.655	0.153	D
annotation	00:03:14.655	00:03:14.821	0.166	S
annotation	00:03:14.821	00:03:14.987	0.166	R
annotation	00:03:14.987	00:03:15.151	0.164	M
annotation	00:03:15.151	00:03:15.315	0.164	P
annotation	00:03:15.315	00:03:15.500	0.185	D
annotation	00:03:15.500	00:03:15.642	0.143	R
annotation	00:03:15.643	00:03:15.999	0.357	S
annotation	00:03:15.999	00:03:16.179	0.180	M
annotation	00:03:16.179	00:03:16.329	0.150	P
annotation	00:03:16.329	00:03:16.496	0.166	D
annotation	00:03:16.496	00:03:16.699	0.203	N
annotation	00:03:16.699	00:03:16.829	0.130	D
annotation	00:03:16.829	00:03:17.041	0.212	M
annotation	00:03:17.041	00:03:17.162	0.121	G
annotation	00:03:17.162	00:03:17.360	0.198	R
annotation	00:03:17.360	00:03:17.497	0.137	S
annotation	00:03:17.497	00:03:17.700	0.203	D
annotation	00:03:17.700	00:03:17.855	0.155	D
annotation	00:03:17.855	00:03:18.045	0.190	D
annotation	00:03:18.045	00:03:18.236	0.190	P
annotation	00:03:18.236	00:03:18.426	0.190	M
annotation	00:03:18.426	00:03:18.587	0.161	P
annotation	00:03:18.587	00:03:18.719	0.132	D
annotation	00:03:18.719	00:03:18.909	0.190	R
annotation	00:03:18.909	00:03:19.070	0.161	M
annotation	00:03:19.070	00:03:19.243	0.173	P
annotation	00:03:19.243	00:03:19.401	0.158	D
annotation	00:03:19.401	00:03:19.720	0.319	M
annotation	00:03:19.720	00:03:19.932	0.212	G
annotation	00:03:19.932	00:03:20.104	0.172	R
annotation	00:03:20.104	00:03:20.276	0.172	S
annotation	00:03:20.276	00:03:20.420	0.144	R
annotation	00:03:20.420	00:03:20.628	0.208	R
annotation	00:03:20.628	00:03:20.808	0.180	S
annotation	00:03:20.808	00:03:20.989	0.180	N
annotation	00:03:20.989	00:03:21.169	0.180	D
annotation	00:03:21.169	00:03:21.323	0.154	N
annotation	00:03:21.323	00:03:21.476	0.154	D
annotation	00:03:21.476	00:03:21.630	0.154	P
annotation	00:03:21.630	00:03:21.781	0.151	D
annotation	00:03:21.781	00:03:21.948	0.167	P
annotation	00:03:21.948	00:03:22.158	0.210	M
annotation	00:03:22.158	00:03:22.278	0.120	P
annotation	00:03:22.278	00:03:22.443	0.165	D
annotation	00:03:22.443	00:03:23.248	0.805	S
annotation	00:03:23.248	00:03:23.408	0.160	P
annotation	00:03:23.408	00:03:23.520	0.111	D
annotation	00:03:23.520	00:03:23.729	0.209	S
annotation	00:03:23.729	00:03:23.900	0.171	R
annotation	00:03:23.900	00:03:24.071	0.171	G
annotation	00:03:24.071	00:03:24.252	0.182	R
annotation	00:03:24.252	00:03:24.640	0.387	R
annotation	00:03:24.640	00:03:24.787	0.147	G
annotation	00:03:24.787	00:03:24.958	0.171	R
annotation	00:03:24.958	00:03:25.129	0.171	R
annotation	00:03:25.129	00:03:25.339	0.210	G
annotation	00:03:25.339	00:03:25.475	0.136	R
annotation	00:03:25.475	00:03:25.650	0.175	S
annotation	00:03:25.650	00:03:25.825	0.175	N
annotation	00:03:25.825	00:03:26.000	0.175	D
annotation	00:03:26.000	00:03:26.171	0.172	R
annotation	00:03:26.171	00:03:26.515	0.343	S
annotation	00:03:26.515	00:03:26.660	0.145	N
annotation	00:03:26.660	00:03:26.861	0.201	D
annotation	00:03:26.861	00:03:27.020	0.159	P
annotation	00:03:27.020	00:03:27.209	0.189	D
annotation	00:03:27.209	00:03:27.519	0.310	M
annotation	00:03:27.519	00:03:27.707	0.188	G
annotation	00:03:27.707	00:03:27.869	0.162	R
annotation	00:03:27.869	00:03:28.042	0.173	S
annotation	00:03:28.042	00:03:28.381	0.339	S
annotation	00:03:28.381	00:03:28.555	0.175	N
annotation	00:03:28.555	00:03:28.680	0.125	D
annotation	00:03:28.680	00:03:29.040	0.360	S
annotation	00:03:29.040	00:03:29.220	0.180	R
annotation	00:03:29.220	00:03:29.380	0.160	G
annotation	00:03:29.380	00:03:29.560	0.180	R
annotation	00:03:29.560	00:03:29.740	0.180	S
annotation	00:03:29.740	00:03:30.059	0.319	R
annotation	00:03:30.059	00:03:30.221	0.163	S
annotation	00:03:30.221	00:03:30.401	0.180	G
annotation	00:03:30.401	00:03:30.561	0.160	R
annotation	00:03:30.561	00:03:30.721	0.160	S
annotation	00:03:30.721	00:03:30.918	0.197	N
annotation	00:03:30.918	00:03:31.080	0.163	D
annotation	00:03:31.080	00:03:31.238	0.158	P
annotation	00:03:31.238	00:03:31.418	0.180	D
annotation	00:03:31.418	00:03:31.722	0.304	R
annotation	00:03:31.722	00:03:31.879	0.157	S
annotation	00:03:31.879	00:03:32.041	0.163	G
annotation	00:03:32.041	00:03:32.201	0.160	R
annotation	00:03:32.201	00:03:32.360	0.160	G
annotation	00:03:32.360	00:03:32.551	0.190	S
annotation	00:03:32.551	00:03:32.716	0.165	R
annotation	00:03:32.716	00:03:32.874	0.158	D
annotation	00:03:32.874	00:03:33.033	0.158	S
annotation	00:03:33.033	00:03:33.179	0.146	R
annotation	00:03:33.179	00:03:33.379	0.200	M
annotation	00:03:33.379	00:03:33.879	0.499	P
annotation	00:03:33.879	00:03:34.058	0.180	D
annotation	00:03:34.058	00:03:34.221	0.163	D
annotation	00:03:34.221	00:03:34.381	0.160	P
annotation	00:03:34.381	00:03:34.581	0.200	M
annotation	00:03:34.581	00:03:34.880	0.299	R
annotation	00:03:34.880	00:03:35.060	0.180	M
annotation	00:03:35.060	00:03:35.202	0.142	P
annotation	00:03:35.202	00:03:35.399	0.197	D
annotation	00:03:35.399	00:03:35.559	0.160	S
annotation	00:03:35.559	00:03:35.719	0.160	R
annotation	00:03:35.719	00:03:35.881	0.163	S
annotation	00:03:35.881	00:03:36.061	0.180	P
annotation	00:03:36.061	00:03:36.200	0.139	M
annotation	00:03:36.200	00:03:36.360	0.160	D
annotation	00:03:36.360	00:03:36.540	0.180	P
annotation	00:03:36.540	00:03:36.700	0.160	N
annotation	00:03:36.700	00:03:36.859	0.160	D
annotation	00:03:36.859	00:03:37.042	0.183	N
annotation	00:03:37.042	00:03:37.199	0.157	P
annotation	00:03:37.199	00:03:37.359	0.160	D
annotation	00:03:37.359	00:03:37.521	0.163	M
annotation	00:03:37.521	00:03:37.701	0.180	P
annotation	00:03:37.701	00:03:37.885	0.184	S
annotation	00:03:37.885	00:03:38.059	0.174	R
annotation	00:03:38.059	00:03:38.222	0.162	M
annotation	00:03:38.222	00:03:38.384	0.162	P
annotation	00:03:38.384	00:03:38.499	0.116	D
annotation	00:03:38.499	00:03:38.659	0.160	N
annotation	00:03:38.659	00:03:39.423	0.764	D
annotation	00:03:39.423	00:03:39.581	0.158	N
annotation	00:03:39.581	00:03:39.739	0.158	D
annotation	00:03:39.739	00:03:39.861	0.122	P
annotation	00:03:39.861	00:03:40.200	0.340	M
annotation	00:03:40.200	00:03:40.380	0.180	P
annotation	00:03:40.380	00:03:40.519	0.139	S
annotation	00:03:40.519	00:03:40.699	0.180	N
annotation	00:03:40.699	00:03:40.862	0.163	D
annotation	00:03:40.862	00:03:41.201	0.340	P
annotation	00:03:41.201	00:03:41.379	0.177	D
annotation	00:03:41.379	00:03:41.559	0.180	R
annotation	00:03:41.559	00:03:41.744	0.185	S
annotation	00:03:41.744	00:03:41.917	0.173	N
annotation	00:03:41.917	00:03:42.061	0.144	D
annotation	00:03:42.061	00:03:42.421	0.360	P
annotation	00:03:42.421	00:03:42.560	0.139	M
annotation	00:03:42.560	00:03:42.879	0.319	D
annotation	00:03:42.879	00:03:43.073	0.194	P
annotation	00:03:43.073	00:03:43.219	0.146	N
annotation	00:03:43.219	00:03:43.381	0.163	D
annotation	00:03:43.381	00:03:43.561	0.180	P
annotation	00:03:43.561	00:03:43.721	0.160	D
annotation	00:03:43.721	00:03:43.880	0.160	S
annotation	00:03:43.880	00:03:44.040	0.160	R
annotation	00:03:44.040	00:03:44.220	0.180	G
annotation	00:03:44.220	00:03:44.421	0.201	R
annotation	00:03:44.421	00:03:44.767	0.346	R
annotation	00:03:44.767	00:03:44.938	0.170	D
annotation	00:03:44.938	00:03:45.108	0.170	G
annotation	00:03:45.108	00:03:45.278	0.170	R
annotation	00:03:45.278	00:03:45.449	0.170	S
annotation	00:03:45.449	00:03:45.602	0.153	N
annotation	00:03:45.602	00:03:45.755	0.153	D
annotation	00:03:45.755	00:03:45.860	0.105	D
annotation	00:03:45.860	00:03:46.060	0.200	S
annotation	00:03:46.060	00:03:46.235	0.174	N
annotation	00:03:46.235	00:03:46.409	0.174	D
annotation	00:03:46.409	00:03:46.584	0.174	P
annotation	00:03:46.584	00:03:46.758	0.174	M
annotation	00:03:46.758	00:03:46.914	0.156	G
annotation	00:03:46.914	00:03:47.227	0.313	R
annotation	00:03:47.227	00:03:47.383	0.156	S
annotation	00:03:47.383	00:03:47.520	0.137	G
annotation	00:03:47.520	00:03:47.877	0.356	R
annotation	00:03:47.877	00:03:48.041	0.164	S
annotation	00:03:48.041	00:03:48.162	0.121	N
annotation	00:03:48.162	00:03:48.359	0.197	D
annotation	00:03:48.359	00:03:48.478	0.119	R
annotation	00:03:48.478	00:03:48.677	0.199	S
annotation	00:03:48.677	00:03:48.800	0.123	N
annotation	00:03:48.800	00:03:48.960	0.160	D
annotation	00:03:48.960	00:03:49.140	0.180	P
annotation	00:03:49.140	00:03:49.299	0.160	M
annotation	00:03:49.299	00:03:49.459	0.160	G
annotation	00:03:49.459	00:03:49.622	0.163	R
annotation	00:03:49.622	00:03:49.799	0.177	S
annotation	00:03:49.799	00:03:49.932	0.134	D
annotation	00:04:00.425	00:04:01.339	0.914	D
annotation	00:04:01.339	00:04:01.689	0.350	M
annotation	00:04:01.689	00:04:02.017	0.328	P
annotation	00:04:02.017	00:04:02.345	0.328	D
annotation	00:04:02.345	00:04:03.115	0.770	S
annotation	00:04:03.115	00:04:03.448	0.333	N
annotation	00:04:03.448	00:04:03.782	0.333	D
annotation	00:04:03.782	00:04:04.106	0.324	P
annotation	00:04:04.106	00:04:04.430	0.324	M
annotation	00:04:04.430	00:04:04.732	0.302	G
annotation	00:04:04.732	00:04:05.019	0.288	R
annotation	00:04:05.019	00:04:05.361	0.341	S
annotation	00:04:05.361	00:04:05.688	0.327	D
annotation	00:04:05.688	00:04:06.659	0.971	R
annotation	00:04:06.659	00:04:07.025	0.366	R
annotation	00:04:07.025	00:04:07.356	0.331	S
annotation	00:04:07.356	00:04:07.687	0.331	R
annotation	00:04:07.687	00:04:08.010	0.322	M
annotation	00:04:08.010	00:04:08.659	0.650	P
annotation	00:04:08.659	00:04:08.987	0.327	D
annotation	00:04:08.987	00:04:09.272	0.286	P
annotation	00:04:09.272	00:04:09.558	0.286	N
annotation	00:04:09.558	00:04:09.880	0.322	D
annotation	00:04:09.880	00:04:10.201	0.322	P
annotation	00:04:10.201	00:04:10.515	0.314	M
annotation	00:04:10.515	00:04:10.781	0.265	P
annotation	00:04:21.145	00:04:22.093	0.947	D
annotation	00:04:22.093	00:04:23.079	0.986	P
annotation	00:04:23.079	00:04:23.740	0.662	D
annotation	00:04:23.740	00:04:24.415	0.675	P
annotation	00:04:24.415	00:04:24.980	0.565	M
annotation	00:04:24.980	00:04:25.700	0.720	G
annotation	00:04:25.700	00:04:26.333	0.633	R
annotation	00:04:26.333	00:04:27.400	1.068	M
annotation	00:04:27.400	00:04:28.481	1.080	P
annotation	00:04:28.481	00:04:29.460	0.980	D
annotation	00:04:29.460	00:04:30.103	0.642	N
annotation	00:04:30.103	00:04:30.747	0.644	D
annotation	00:04:30.747	00:04:31.339	0.592	P
annotation	00:04:31.339	00:04:31.661	0.322	M
annotation	00:04:31.661	00:04:32.181	0.520	D
annotation	00:04:32.181	00:04:32.335	0.154	M
annotation	00:04:32.335	00:04:32.504	0.168	P
annotation	00:04:32.504	00:04:32.672	0.168	D
annotation	00:04:32.672	00:04:33.009	0.337	S
annotation	00:04:33.009	00:04:33.220	0.211	N
annotation	00:04:33.220	00:04:33.353	0.133	D
annotation	00:04:33.353	00:04:33.526	0.172	P
annotation	00:04:33.526	00:04:33.719	0.194	M
annotation	00:04:33.719	00:04:33.863	0.144	G
annotation	00:04:33.863	00:04:34.041	0.178	R
annotation	00:04:34.041	00:04:34.193	0.152	S
annotation	00:04:34.193	00:04:34.398	0.205	D
annotation	00:04:34.398	00:04:34.915	0.517	R
annotation	00:04:34.915	00:04:35.101	0.185	R
annotation	00:04:35.101	00:04:35.242	0.141	S
annotation	00:04:35.242	00:04:35.383	0.141	R
annotation	00:04:35.383	00:04:35.524	0.141	M
annotation	00:04:35.524	00:04:35.823	0.299	P
annotation	00:04:35.823	00:04:35.981	0.158	D
annotation	00:04:35.981	00:04:36.140	0.158	P
annotation	00:04:36.140	00:04:36.298	0.158	N
annotation	00:04:36.298	00:04:36.401	0.103	D
annotation	00:04:36.401	00:04:36.592	0.191	P
annotation	00:04:36.592	00:04:36.741	0.149	M
annotation	00:04:36.741	00:04:36.921	0.180	P
annotation	00:04:36.921	00:04:37.420	0.499	D
annotation	00:04:37.420	00:04:37.919	0.499	P
annotation	00:04:37.919	00:04:38.241	0.322	D
annotation	00:04:38.241	00:04:38.575	0.334	P
annotation	00:04:38.575	00:04:38.860	0.285	M
annotation	00:04:38.860	00:04:39.161	0.302	G
annotation	00:04:39.161	00:04:39.514	0.352	R
annotation	00:04:39.514	00:04:39.960	0.446	M
annotation	00:04:39.960	00:04:40.421	0.461	P
annotation	00:04:40.421	00:04:40.920	0.499	D
annotation	00:04:40.920	00:04:41.240	0.319	N
annotation	00:04:41.240	00:04:41.582	0.342	D
annotation	00:04:41.582	00:04:41.881	0.299	P
annotation	00:04:41.881	00:04:42.019	0.138	M
annotation	00:04:42.019	00:04:43.033	1.014	D
annotation	00:04:43.033	00:04:43.321	0.288	M
annotation	00:04:43.321	00:04:43.650	0.329	P
annotation	00:04:43.650	00:04:43.943	0.293	D
annotation	00:04:43.943	00:04:44.499	0.556	S
annotation	00:04:44.499	00:04:44.781	0.282	N
annotation	00:04:44.781	00:04:45.100	0.319	D
annotation	00:04:45.100	00:04:45.447	0.347	P
annotation	00:04:45.447	00:04:45.766	0.319	M
annotation	00:04:45.766	00:04:46.200	0.434	G
annotation	00:04:46.200	00:04:46.551	0.351	R
annotation	00:04:46.551	00:04:46.877	0.326	S
annotation	00:04:46.877	00:04:47.203	0.326	D
annotation	00:04:47.203	00:04:48.236	1.033	R
annotation	00:04:48.236	00:04:48.576	0.340	R
annotation	00:04:48.576	00:04:48.868	0.292	S
annotation	00:04:48.868	00:04:49.160	0.292	R
annotation	00:04:49.160	00:04:49.450	0.290	M
annotation	00:04:49.450	00:04:50.056	0.606	P
annotation	00:04:50.056	00:04:50.372	0.316	D
annotation	00:04:50.372	00:04:50.665	0.293	P
annotation	00:04:50.665	00:04:50.958	0.293	N
annotation	00:04:50.958	00:04:51.320	0.362	D
annotation	00:04:51.320	00:04:51.584	0.264	P
annotation	00:04:51.584	00:04:51.946	0.362	M
annotation	00:04:51.946	00:04:52.308	0.362	P
annotation	00:04:52.308	00:04:52.985	0.677	D
annotation	00:04:52.985	00:04:53.279	0.294	N
annotation	00:04:53.279	00:04:53.598	0.319	P
annotation	00:04:53.598	00:04:53.938	0.340	D
annotation	00:04:53.938	00:04:54.280	0.342	P
annotation	00:04:54.280	00:04:54.579	0.299	M
annotation	00:04:54.579	00:04:54.919	0.340	P
annotation	00:04:54.919	00:04:55.259	0.340	D
annotation	00:04:55.259	00:04:55.601	0.342	N
annotation	00:04:55.601	00:04:55.941	0.340	D
annotation	00:04:55.941	00:04:56.240	0.299	M
annotation	00:04:56.240	00:04:56.559	0.319	G
annotation	00:04:56.559	00:04:56.924	0.365	R
annotation	00:04:56.924	00:04:57.279	0.354	S
annotation	00:04:57.279	00:04:57.649	0.370	D
annotation	00:04:57.649	00:04:58.243	0.594	S
annotation	00:04:58.243	00:04:58.620	0.377	R
annotation	00:04:58.620	00:04:58.939	0.319	M
annotation	00:04:58.939	00:04:59.281	0.342	P
annotation	00:04:59.281	00:04:59.560	0.279	D
annotation	00:04:59.560	00:04:59.900	0.340	S
annotation	00:04:59.900	00:05:00.202	0.302	R
annotation	00:05:00.202	00:05:00.535	0.334	M
annotation	00:05:00.535	00:05:01.207	0.672	P
annotation	00:05:01.207	00:05:01.519	0.312	M
annotation	00:05:01.519	00:05:01.882	0.363	N
annotation	00:05:01.882	00:05:02.212	0.330	D
annotation	00:05:02.212	00:05:02.500	0.288	P
annotation	00:05:02.500	00:05:02.883	0.382	M
annotation	00:05:02.883	00:05:03.363	0.481	D
annotation	00:05:03.363	00:05:03.524	0.160	M
annotation	00:05:03.524	00:05:03.679	0.155	P
annotation	00:05:03.679	00:05:03.853	0.175	D
annotation	00:05:03.853	00:05:04.161	0.307	S
annotation	00:05:04.161	00:05:04.361	0.200	N
annotation	00:05:04.361	00:05:04.508	0.147	D
annotation	00:05:04.508	00:05:04.700	0.192	P
annotation	00:05:04.700	00:05:04.833	0.132	M
annotation	00:05:04.833	00:05:04.996	0.163	G
annotation	00:05:04.996	00:05:05.159	0.163	R
annotation	00:05:05.159	00:05:05.322	0.163	S
annotation	00:05:05.322	00:05:05.481	0.159	D
annotation	00:05:05.481	00:05:06.001	0.520	R
annotation	00:05:06.001	00:05:06.173	0.172	R
annotation	00:05:06.174	00:05:06.340	0.167	S
annotation	00:05:06.340	00:05:06.510	0.170	R
annotation	00:05:06.510	00:05:06.679	0.168	M
annotation	00:05:06.679	00:05:07.006	0.327	P
annotation	00:05:07.006	00:05:07.165	0.159	D
annotation	00:05:07.165	00:05:07.323	0.159	P
annotation	00:05:07.323	00:05:07.482	0.159	N
annotation	00:05:07.482	00:05:07.637	0.155	D
annotation	00:05:07.637	00:05:07.791	0.155	P
annotation	00:05:07.791	00:05:07.946	0.155	M
annotation	00:05:07.946	00:05:08.101	0.155	P
annotation	00:05:08.101	00:05:08.461	0.360	D
annotation	00:05:08.461	00:05:08.641	0.180	N
annotation	00:05:08.641	00:05:08.860	0.219	P
annotation	00:05:08.860	00:05:09.040	0.180	D
annotation	00:05:09.040	00:05:09.199	0.160	P
annotation	00:05:09.199	00:05:09.339	0.139	M
annotation	00:05:09.339	00:05:09.501	0.163	P
annotation	00:05:09.501	00:05:09.661	0.160	D
annotation	00:05:09.661	00:05:09.901	0.240	N
annotation	00:05:09.901	00:05:10.140	0.239	D
annotation	00:05:10.140	00:05:10.320	0.180	M
annotation	00:05:10.320	00:05:10.459	0.139	G
annotation	00:05:10.459	00:05:10.622	0.163	R
annotation	00:05:10.622	00:05:10.778	0.157	S
annotation	00:05:10.778	00:05:10.961	0.183	D
annotation	00:05:10.961	00:05:11.260	0.299	S
annotation	00:05:11.260	00:05:11.457	0.197	R
annotation	00:05:11.457	00:05:11.559	0.102	M
annotation	00:05:11.559	00:05:11.759	0.200	P
annotation	00:05:11.759	00:05:11.881	0.123	D
annotation	00:05:11.881	00:05:12.021	0.139	S
annotation	00:05:12.021	00:05:12.180	0.160	R
annotation	00:05:12.180	00:05:12.320	0.139	M
annotation	00:05:12.320	00:05:12.659	0.340	P
annotation	00:05:12.659	00:05:12.828	0.168	M
annotation	00:05:12.828	00:05:12.981	0.154	N
annotation	00:05:12.981	00:05:13.121	0.139	D
annotation	00:05:13.121	00:05:13.321	0.200	P
annotation	00:05:13.321	00:05:13.480	0.160	M
annotation	00:05:13.480	00:05:14.511	1.031	D
annotation	00:05:14.511	00:05:14.867	0.355	M
annotation	00:05:14.867	00:05:15.198	0.332	P
annotation	00:05:15.198	00:05:15.541	0.343	D
annotation	00:05:15.541	00:05:16.195	0.653	S
annotation	00:05:16.195	00:05:16.580	0.386	N
annotation	00:05:16.580	00:05:16.900	0.319	D
annotation	00:05:16.900	00:05:17.214	0.315	P
annotation	00:05:17.214	00:05:17.480	0.266	M
annotation	00:05:17.480	00:05:17.866	0.386	G
annotation	00:05:17.866	00:05:18.204	0.338	R
annotation	00:05:18.204	00:05:18.571	0.367	S
annotation	00:05:18.571	00:05:18.938	0.367	D
annotation	00:05:18.938	00:05:19.721	0.782	R
annotation	00:05:19.721	00:05:20.040	0.319	R
annotation	00:05:20.040	00:05:20.368	0.328	S
annotation	00:05:20.368	00:05:20.682	0.313	R
annotation	00:05:20.682	00:05:20.996	0.315	M
annotation	00:05:20.996	00:05:21.635	0.638	P
annotation	00:05:21.635	00:05:21.957	0.322	D
annotation	00:05:21.957	00:05:22.267	0.310	P
annotation	00:05:22.267	00:05:22.577	0.310	N
annotation	00:05:22.577	00:05:22.960	0.383	D
annotation	00:05:22.960	00:05:23.276	0.316	P
annotation	00:05:23.276	00:05:23.678	0.402	M
annotation	00:05:23.678	00:05:24.060	0.382	P
annotation	00:05:24.060	00:05:24.379	0.319	D
annotation	00:05:24.379	00:05:24.699	0.319	N
annotation	00:05:24.699	00:05:25.000	0.302	D
annotation	00:05:25.000	00:05:25.340	0.340	M
annotation	00:05:25.340	00:05:25.659	0.319	G
annotation	00:05:25.659	00:05:25.979	0.319	R
annotation	00:05:25.979	00:05:26.321	0.342	N
annotation	00:05:26.321	00:05:26.661	0.340	D
annotation	00:05:26.661	00:05:27.000	0.340	M
annotation	00:05:27.000	00:05:27.352	0.352	G
annotation	00:05:27.352	00:05:27.642	0.290	R
annotation	00:05:27.642	00:05:27.965	0.323	S
annotation	00:05:27.965	00:05:28.337	0.372	D
annotation	00:05:28.337	00:05:28.739	0.401	M
annotation	00:05:28.739	00:05:29.041	0.302	G
annotation	00:05:29.041	00:05:29.401	0.360	R
annotation	00:05:29.401	00:05:29.741	0.340	S
annotation	00:05:29.741	00:05:30.141	0.400	G
annotation	00:05:30.141	00:05:30.460	0.319	R
annotation	00:05:30.460	00:05:30.819	0.359	S
annotation	00:05:30.819	00:05:31.122	0.303	N
annotation	00:05:31.122	00:05:31.438	0.316	D
annotation	00:05:31.438	00:05:31.760	0.322	R
annotation	00:05:31.760	00:05:32.080	0.319	S
annotation	00:05:32.080	00:05:32.382	0.302	N
annotation	00:05:32.382	00:05:32.779	0.398	D
annotation	00:05:32.779	00:05:33.061	0.282	P
annotation	00:05:33.061	00:05:33.400	0.340	D
annotation	00:05:33.400	00:05:33.712	0.312	S
annotation	00:05:33.712	00:05:33.998	0.286	R
annotation	00:05:33.998	00:05:34.338	0.340	M
annotation	00:05:34.338	00:05:34.779	0.441	P
annotation	00:05:34.779	00:05:35.040	0.261	D
annotation	00:05:35.040	00:05:35.420	0.380	M
annotation	00:05:35.420	00:05:35.738	0.317	P
annotation	00:05:35.738	00:05:36.021	0.283	D
annotation	00:05:36.021	00:05:36.320	0.299	S
annotation	00:05:36.320	00:05:36.640	0.319	N
annotation	00:05:36.640	00:05:36.959	0.319	D
annotation	00:05:36.959	00:05:37.281	0.322	R
annotation	00:05:37.281	00:05:37.600	0.319	S
annotation	00:05:37.600	00:05:37.940	0.340	N
annotation	00:05:37.940	00:05:38.279	0.340	D
annotation	00:05:38.279	00:05:38.586	0.307	P
annotation	00:05:38.586	00:05:38.962	0.375	D
annotation	00:05:38.962	00:05:39.319	0.357	S
annotation	00:05:39.319	00:05:39.658	0.340	R
annotation	00:05:39.658	00:05:39.960	0.302	G
annotation	00:05:39.960	00:05:40.320	0.360	D
annotation	00:05:40.320	00:05:40.659	0.340	S
annotation	00:05:40.659	00:05:40.958	0.299	R
annotation	00:05:40.958	00:05:41.281	0.322	P
annotation	00:05:41.281	00:05:41.640	0.360	D
annotation	00:05:41.640	00:05:41.919	0.279	S
annotation	00:05:41.919	00:05:42.262	0.342	M
annotation	00:05:42.262	00:05:42.581	0.319	P
annotation	00:05:42.581	00:05:42.949	0.368	D
annotation	00:05:42.949	00:05:43.276	0.327	G
annotation	00:05:43.276	00:05:43.623	0.347	R
annotation	00:05:43.623	00:05:43.970	0.347	S
annotation	00:05:43.970	00:05:44.259	0.289	N
annotation	00:05:44.259	00:05:44.621	0.363	D
annotation	00:05:44.621	00:05:44.900	0.279	P
annotation	00:05:44.900	00:05:45.260	0.360	M
annotation	00:05:45.260	00:05:45.816	0.556	D
annotation	00:05:45.816	00:05:45.995	0.179	M
annotation	00:05:45.995	00:05:46.151	0.156	P
annotation	00:05:46.151	00:05:46.307	0.156	D
annotation	00:05:46.307	00:05:46.619	0.312	S
annotation	00:05:46.619	00:05:46.771	0.152	N
annotation	00:05:46.771	00:05:46.924	0.152	D
annotation	00:05:46.924	00:05:47.076	0.152	P
annotation	00:05:47.076	00:05:47.199	0.123	M
annotation	00:05:47.199	00:05:47.387	0.188	G
annotation	00:05:47.387	00:05:47.538	0.152	R
annotation	00:05:47.538	00:05:47.703	0.165	S
annotation	00:05:47.703	00:05:47.861	0.157	D
annotation	00:05:47.861	00:05:48.368	0.507	R
annotation	00:05:48.368	00:05:48.536	0.169	R
annotation	00:05:48.536	00:05:48.688	0.152	S
annotation	00:05:48.688	00:05:48.840	0.152	R
annotation	00:05:48.840	00:05:48.992	0.152	M
annotation	00:05:48.992	00:05:49.293	0.300	P
annotation	00:05:49.293	00:05:49.441	0.148	D
annotation	00:05:49.441	00:05:49.589	0.148	P
annotation	00:05:49.589	00:05:49.737	0.148	N
annotation	00:05:49.737	00:05:49.895	0.157	D
annotation	00:05:49.895	00:05:50.052	0.157	P
annotation	00:05:50.052	00:05:50.209	0.157	M
annotation	00:05:50.209	00:05:50.339	0.131	P
annotation	00:05:50.339	00:05:50.839	0.499	D
annotation	00:05:50.839	00:05:51.042	0.203	M
annotation	00:05:51.042	00:05:51.205	0.163	P
annotation	00:05:51.205	00:05:51.341	0.135	D
annotation	00:05:51.341	00:05:51.695	0.354	S
annotation	00:05:51.695	00:05:51.860	0.165	N
annotation	00:05:51.860	00:05:52.023	0.163	D
annotation	00:05:52.023	00:05:52.187	0.164	P
annotation	00:05:52.187	00:05:52.359	0.172	M
annotation	00:05:52.359	00:05:52.512	0.153	G
annotation	00:05:52.512	00:05:52.679	0.166	R
annotation	00:05:52.679	00:05:52.818	0.139	S
annotation	00:05:52.818	00:05:53.001	0.183	D
annotation	00:05:53.001	00:05:53.547	0.546	R
annotation	00:05:53.547	00:05:53.731	0.184	R
annotation	00:05:53.731	00:05:53.893	0.162	S
annotation	00:05:53.893	00:05:54.054	0.162	R
annotation	00:05:54.054	00:05:54.216	0.162	M
annotation	00:05:54.216	00:05:54.543	0.327	P
annotation	00:05:54.543	00:05:54.708	0.165	D
annotation	00:05:54.708	00:05:54.873	0.165	P
annotation	00:05:54.873	00:05:55.038	0.165	N
annotation	00:05:55.038	00:05:55.259	0.221	D
annotation	00:05:55.259	00:05:55.422	0.163	P
annotation	00:05:55.422	00:05:55.601	0.180	M
annotation	00:05:55.601	00:05:55.761	0.160	P
annotation	00:05:55.761	00:05:55.894	0.133	D
annotation	00:05:55.894	00:05:56.080	0.186	N
annotation	00:05:56.080	00:05:56.240	0.160	D
annotation	00:05:56.240	00:05:56.384	0.144	M
annotation	00:05:56.384	00:05:56.559	0.175	G
annotation	00:05:56.559	00:05:56.722	0.163	R
annotation	00:05:56.722	00:05:56.879	0.157	N
annotation	00:05:56.879	00:05:57.021	0.142	D
annotation	00:05:57.021	00:05:57.201	0.180	M
annotation	00:05:57.201	00:05:57.340	0.139	G
annotation	00:05:57.340	00:05:57.500	0.160	R
annotation	00:05:57.500	00:05:57.680	0.180	S
annotation	00:05:57.680	00:05:57.819	0.139	D
annotation	00:05:57.819	00:05:57.999	0.180	M
annotation	00:05:57.999	00:05:58.161	0.163	G
annotation	00:05:58.161	00:05:58.321	0.160	R
annotation	00:05:58.321	00:05:58.481	0.160	S
annotation	00:05:58.481	00:05:58.644	0.163	G
annotation	00:05:58.644	00:05:58.802	0.158	R
annotation	00:05:58.802	00:05:58.980	0.178	S
annotation	00:05:58.980	00:05:59.119	0.139	N
annotation	00:05:59.119	00:05:59.280	0.161	D
annotation	00:05:59.280	00:05:59.441	0.160	R
annotation	00:05:59.441	00:05:59.621	0.181	S
annotation	00:05:59.621	00:05:59.781	0.160	N
annotation	00:05:59.781	00:05:59.941	0.160	D
annotation	00:05:59.941	00:06:00.105	0.164	P
annotation	00:06:00.105	00:06:00.240	0.135	D
annotation	00:06:00.240	00:06:00.450	0.210	S
annotation	00:06:00.450	00:06:00.579	0.129	R
annotation	00:06:00.579	00:06:00.805	0.225	M
annotation	00:06:00.805	00:06:00.982	0.177	P
annotation	00:06:00.982	00:06:01.138	0.156	D
annotation	00:06:01.138	00:06:01.294	0.156	M
annotation	00:06:01.294	00:06:01.449	0.156	P
annotation	00:06:01.449	00:06:01.605	0.156	D
annotation	00:06:01.605	00:06:01.755	0.150	S
annotation	00:06:01.755	00:06:01.905	0.150	N
annotation	00:06:01.905	00:06:02.054	0.150	D
annotation	00:06:02.054	00:06:02.204	0.150	R
annotation	00:06:02.204	00:06:02.300	0.097	S
annotation	00:06:02.300	00:06:02.460	0.160	N
annotation	00:06:02.460	00:06:02.620	0.160	D
annotation	00:06:02.620	00:06:02.780	0.160	P
annotation	00:06:02.780	00:06:02.901	0.121	D
annotation	00:06:02.901	00:06:03.061	0.160	S
annotation	00:06:03.061	00:06:03.221	0.160	R
annotation	00:06:03.221	00:06:03.415	0.194	G
annotation	00:06:03.415	00:06:03.520	0.105	D
annotation	00:06:03.520	00:06:03.679	0.160	S
annotation	00:06:03.679	00:06:03.839	0.160	R
annotation	00:06:03.839	00:06:03.981	0.142	P
annotation	00:06:03.981	00:06:04.141	0.160	D
annotation	00:06:04.141	00:06:04.280	0.139	S
annotation	00:06:04.280	00:06:04.419	0.139	M
annotation	00:06:04.419	00:06:04.620	0.200	P
annotation	00:06:04.620	00:06:04.741	0.122	D
annotation	00:06:04.741	00:06:04.901	0.160	G
annotation	00:06:04.901	00:06:05.061	0.160	R
annotation	00:06:05.061	00:06:05.230	0.169	S
annotation	00:06:05.230	00:06:05.339	0.109	N
annotation	00:06:05.339	00:06:05.499	0.160	D
annotation	00:06:05.499	00:06:05.682	0.183	P
annotation	00:06:05.682	00:06:05.832	0.151	M
annotation	00:06:05.832	00:06:06.939	1.107	D
annotation	00:06:06.939	00:06:07.308	0.369	M
annotation	00:06:07.308	00:06:07.606	0.298	P
annotation	00:06:07.606	00:06:07.920	0.314	D
annotation	00:06:07.920	00:06:08.448	0.528	S
annotation	00:06:08.448	00:06:08.774	0.326	N
annotation	00:06:08.774	00:06:09.101	0.326	D
annotation	00:06:09.101	00:06:09.418	0.317	P
annotation	00:06:09.418	00:06:09.736	0.317	M
annotation	00:06:09.736	00:06:09.996	0.260	G
annotation	00:06:09.996	00:06:10.279	0.283	R
annotation	00:06:10.279	00:06:10.604	0.325	S
annotation	00:06:10.604	00:06:10.918	0.314	D
annotation	00:06:10.918	00:06:11.919	1.001	R
annotation	00:06:11.919	00:06:12.244	0.324	R
annotation	00:06:12.244	00:06:12.552	0.309	S
annotation	00:06:12.552	00:06:12.860	0.307	R
annotation	00:06:12.860	00:06:13.214	0.354	M
annotation	00:06:13.214	00:06:13.841	0.627	P
annotation	00:06:13.841	00:06:14.180	0.340	D
annotation	00:06:14.180	00:06:14.530	0.349	P
annotation	00:06:14.530	00:06:14.865	0.335	N
annotation	00:06:14.865	00:06:15.194	0.330	D
annotation	00:06:15.194	00:06:15.524	0.330	P
annotation	00:06:15.524	00:06:15.901	0.377	M
annotation	00:06:15.901	00:06:16.261	0.360	P
annotation	00:06:16.261	00:06:18.196	1.934	S
annotation	00:06:18.196	00:06:18.492	0.296	R
annotation	00:06:18.492	00:06:18.760	0.269	S
annotation	00:06:18.760	00:06:19.100	0.340	N
annotation	00:06:19.100	00:06:19.440	0.340	D
annotation	00:06:19.440	00:06:19.718	0.279	P
annotation	00:06:19.718	00:06:20.081	0.363	M
annotation	00:06:20.081	00:06:20.360	0.279	G
annotation	00:06:20.360	00:06:20.781	0.421	R
annotation	00:06:20.781	00:06:21.059	0.279	S
annotation	00:06:21.059	00:06:21.399	0.340	D
annotation	00:06:21.399	00:06:23.280	1.881	S
annotation	00:06:23.280	00:06:23.561	0.282	P
annotation	00:06:23.561	00:06:23.901	0.340	M
annotation	00:06:23.901	00:06:24.261	0.360	D
annotation	00:06:24.261	00:06:24.560	0.299	P
annotation	00:06:24.560	00:06:24.859	0.299	N
annotation	00:06:24.859	00:06:25.201	0.342	D
annotation	00:06:25.201	00:06:25.520	0.319	P
annotation	00:06:25.520	00:06:25.860	0.340	M
annotation	00:06:25.860	00:06:26.159	0.299	P
annotation	00:06:26.159	00:06:26.481	0.322	D
annotation	00:06:26.481	00:06:26.780	0.299	S
annotation	00:06:26.780	00:06:27.099	0.319	N
annotation	00:06:27.099	00:06:27.442	0.342	D
annotation	00:06:27.442	00:06:28.060	0.618	P
annotation	00:06:28.060	00:06:28.400	0.340	D
annotation	00:06:28.400	00:06:28.702	0.302	N
annotation	00:06:28.702	00:06:29.059	0.357	D
annotation	00:06:29.059	00:06:29.398	0.340	P
annotation	00:06:29.398	00:06:30.040	0.641	M
annotation	00:06:30.040	00:06:30.379	0.340	P
annotation	00:06:30.379	00:06:30.681	0.302	D
annotation	00:06:30.681	00:06:30.980	0.299	M
annotation	00:06:30.980	00:06:31.341	0.361	G
annotation	00:06:31.341	00:06:31.667	0.326	R
annotation	00:06:31.667	00:06:32.014	0.347	N
annotation	00:06:32.014	00:06:32.361	0.347	D
annotation	00:06:32.361	00:06:32.721	0.360	P
annotation	00:06:32.721	00:06:33.119	0.398	M
annotation	00:06:33.119	00:06:33.427	0.308	S
annotation	00:06:33.427	00:06:33.781	0.354	N
annotation	00:06:33.781	00:06:34.100	0.319	D
annotation	00:06:34.100	00:06:34.480	0.380	P
annotation	00:06:34.480	00:06:34.800	0.319	R
annotation	00:06:34.800	00:06:35.137	0.337	S
annotation	00:06:35.137	00:06:35.400	0.264	N
annotation	00:06:35.400	00:06:36.067	0.666	D
annotation	00:06:36.067	00:06:36.735	0.668	P
annotation	00:06:36.735	00:06:37.122	0.387	D
annotation	00:06:37.122	00:06:37.461	0.340	M
annotation	00:06:37.461	00:06:37.740	0.279	G
annotation	00:06:37.740	00:06:38.130	0.390	R
annotation	00:06:38.130	00:06:39.119	0.989	S
annotation	00:06:39.119	00:06:39.458	0.340	D
annotation	00:06:39.458	00:06:39.760	0.302	S
annotation	00:06:39.760	00:06:40.092	0.332	R
annotation	00:06:40.092	00:06:40.747	0.655	M
annotation	00:06:40.747	00:06:41.142	0.394	P
annotation	00:06:41.142	00:06:41.441	0.299	R
annotation	00:06:41.441	00:06:41.780	0.340	M
annotation	00:06:41.780	00:06:42.177	0.396	P
annotation	00:06:42.177	00:06:42.535	0.358	D
annotation	00:06:42.535	00:06:42.782	0.247	P
annotation	00:06:42.782	00:06:43.080	0.299	M
annotation	00:06:43.080	00:06:43.420	0.340	P
annotation	00:06:43.420	00:06:43.760	0.340	D
annotation	00:06:43.760	00:06:44.077	0.317	S
annotation	00:06:44.077	00:06:44.439	0.362	M
annotation	00:06:44.439	00:06:44.720	0.282	P
annotation	00:06:44.720	00:06:45.040	0.319	D
annotation	00:06:45.040	00:06:45.374	0.334	S
annotation	00:06:45.374	00:06:45.719	0.345	R
annotation	00:06:45.719	00:06:45.986	0.267	G
annotation	00:06:45.986	00:06:46.601	0.615	R
annotation	00:06:46.601	00:06:46.900	0.299	S
annotation	00:06:46.900	00:06:47.219	0.319	N
annotation	00:06:47.219	00:06:47.559	0.340	D
annotation	00:06:47.559	00:06:47.903	0.344	R
annotation	00:06:47.903	00:06:48.499	0.596	S
annotation	00:06:48.499	00:06:48.822	0.322	N
annotation	00:06:48.822	00:06:49.138	0.316	D
annotation	00:06:49.138	00:06:49.465	0.327	P
annotation	00:06:49.465	00:06:49.861	0.396	D
annotation	00:06:49.861	00:06:50.557	0.696	P
annotation	00:06:50.557	00:06:50.857	0.300	M
annotation	00:06:50.857	00:06:51.157	0.299	G
annotation	00:06:51.157	00:06:51.419	0.263	R
annotation	00:06:51.419	00:06:51.739	0.319	M
annotation	00:06:51.739	00:06:52.107	0.368	P
annotation	00:06:52.107	00:06:52.380	0.273	D
annotation	00:06:52.380	00:06:52.781	0.401	S
annotation	00:06:52.781	00:06:53.113	0.333	R
annotation	00:06:53.113	00:06:53.486	0.372	G
annotation	00:06:53.486	00:06:53.823	0.337	R
annotation	00:06:53.823	00:06:54.139	0.316	S
annotation	00:06:54.139	00:06:54.441	0.302	N
annotation	00:06:54.441	00:06:54.766	0.325	D
annotation	00:06:54.766	00:06:55.439	0.673	P
annotation	00:06:55.439	00:06:55.779	0.340	M
annotation	00:06:55.779	00:06:56.081	0.302	G
annotation	00:06:56.081	00:06:56.420	0.340	R
annotation	00:06:56.420	00:06:57.100	0.679	S
annotation	00:06:57.100	00:06:57.419	0.319	R
annotation	00:06:57.419	00:06:57.721	0.302	M
annotation	00:06:57.721	00:06:58.040	0.319	P
annotation	00:06:58.040	00:06:58.580	0.540	D
annotation	00:06:58.580	00:06:58.764	0.185	M
annotation	00:06:58.764	00:06:58.933	0.168	P
annotation	00:06:58.933	00:06:59.059	0.126	D
annotation	00:06:59.059	00:06:59.438	0.380	S
annotation	00:06:59.438	00:06:59.561	0.123	N
annotation	00:06:59.561	00:06:59.756	0.195	D
annotation	00:06:59.756	00:06:59.914	0.159	P
annotation	00:06:59.914	00:07:00.040	0.125	M
annotation	00:07:00.040	00:07:00.222	0.182	G
annotation	00:07:00.222	00:07:00.370	0.149	R
annotation	00:07:00.370	00:07:00.519	0.149	S
annotation	00:07:00.519	00:07:00.699	0.180	D
annotation	00:07:00.699	00:07:01.201	0.502	R
annotation	00:07:01.201	00:07:01.402	0.201	R
annotation	00:07:01.402	00:07:01.550	0.148	S
annotation	00:07:01.550	00:07:01.698	0.148	R
annotation	00:07:01.698	00:07:01.846	0.148	M
annotation	00:07:01.846	00:07:02.137	0.291	P
annotation	00:07:02.137	00:07:02.240	0.103	D
annotation	00:07:02.240	00:07:02.424	0.184	P
annotation	00:07:02.424	00:07:02.559	0.135	N
annotation	00:07:02.559	00:07:02.739	0.180	D
annotation	00:07:02.739	00:07:02.919	0.180	P
annotation	00:07:02.919	00:07:03.029	0.110	M
annotation	00:07:03.029	00:07:03.183	0.154	P
annotation	00:07:03.183	00:07:03.761	0.577	D
annotation	00:07:03.761	00:07:03.932	0.171	M
annotation	00:07:03.932	00:07:04.085	0.153	P
annotation	00:07:04.085	00:07:04.219	0.134	D
annotation	00:07:04.219	00:07:04.545	0.326	S
annotation	00:07:04.545	00:07:04.701	0.156	N
annotation	00:07:04.701	00:07:04.873	0.171	D
annotation	00:07:04.873	00:07:05.036	0.164	P
annotation	00:07:05.036	00:07:05.200	0.164	M
annotation	00:07:05.200	00:07:05.364	0.163	G
annotation	00:07:05.364	00:07:05.520	0.156	R
annotation	00:07:05.520	00:07:05.679	0.160	S
annotation	00:07:05.679	00:07:05.854	0.175	D
annotation	00:07:05.854	00:07:06.341	0.487	R
annotation	00:07:06.341	00:07:06.567	0.225	R
annotation	00:07:06.567	00:07:06.710	0.144	S
annotation	00:07:06.710	00:07:06.854	0.144	R
annotation	00:07:06.854	00:07:06.998	0.144	M
annotation	00:07:06.998	00:07:07.287	0.289	P
annotation	00:07:07.287	00:07:07.433	0.146	D
annotation	00:07:07.433	00:07:07.578	0.146	P
annotation	00:07:07.578	00:07:07.699	0.121	N
annotation	00:07:07.699	00:07:07.879	0.180	D
annotation	00:07:07.879	00:07:08.034	0.155	P
annotation	00:07:08.034	00:07:08.189	0.155	M
annotation	00:07:08.189	00:07:08.361	0.172	P
annotation	00:07:08.361	00:07:09.319	0.958	S
annotation	00:07:09.319	00:07:09.482	0.163	R
annotation	00:07:09.482	00:07:09.644	0.163	S
annotation	00:07:09.644	00:07:09.798	0.154	N
annotation	00:07:09.798	00:07:09.960	0.163	D
annotation	00:07:09.960	00:07:10.100	0.139	P
annotation	00:07:10.100	00:07:10.294	0.194	M
annotation	00:07:10.294	00:07:10.419	0.125	G
annotation	00:07:10.419	00:07:10.611	0.192	R
annotation	00:07:10.611	00:07:10.741	0.130	S
annotation	00:07:10.741	00:07:10.901	0.160	D
annotation	00:07:10.901	00:07:11.864	0.964	S
annotation	00:07:11.864	00:07:11.981	0.116	P
annotation	00:07:11.981	00:07:12.120	0.139	M
annotation	00:07:12.120	00:07:12.280	0.160	D
annotation	00:07:12.280	00:07:12.460	0.180	P
annotation	00:07:12.460	00:07:12.619	0.160	N
annotation	00:07:12.619	00:07:12.782	0.163	D
annotation	00:07:12.782	00:07:12.921	0.139	P
annotation	00:07:12.921	00:07:13.101	0.180	M
annotation	00:07:13.101	00:07:13.240	0.139	P
annotation	00:07:13.240	00:07:13.400	0.160	D
annotation	00:07:13.400	00:07:13.560	0.160	S
annotation	00:07:13.560	00:07:13.719	0.160	N
annotation	00:07:13.719	00:07:13.879	0.160	D
annotation	00:07:13.879	00:07:14.221	0.342	P
annotation	00:07:14.221	00:07:14.381	0.160	D
annotation	00:07:14.381	00:07:14.541	0.160	N
annotation	00:07:14.541	00:07:14.721	0.180	D
annotation	00:07:14.721	00:07:14.850	0.130	P
annotation	00:07:14.850	00:07:15.159	0.308	M
annotation	00:07:15.159	00:07:15.319	0.160	P
annotation	00:07:15.319	00:07:15.481	0.163	D
annotation	00:07:15.481	00:07:15.641	0.160	M
annotation	00:07:15.641	00:07:15.780	0.139	G
annotation	00:07:15.780	00:07:15.939	0.159	R
annotation	00:07:15.939	00:07:16.120	0.180	N
annotation	00:07:16.120	00:07:16.279	0.160	D
annotation	00:07:16.279	00:07:16.439	0.160	P
annotation	00:07:16.439	00:07:16.581	0.142	M
annotation	00:07:16.581	00:07:16.741	0.160	S
annotation	00:07:16.741	00:07:16.900	0.160	N
annotation	00:07:16.900	00:07:17.060	0.160	D
annotation	00:07:17.060	00:07:17.247	0.187	P
annotation	00:07:17.247	00:07:17.379	0.132	R
annotation	00:07:17.379	00:07:17.556	0.177	S
annotation	00:07:17.556	00:07:17.701	0.145	N
annotation	00:07:17.701	00:07:18.021	0.319	D
annotation	00:07:18.021	00:07:18.360	0.340	P
annotation	00:07:18.360	00:07:18.585	0.224	D
annotation	00:07:18.585	00:07:18.759	0.174	M
annotation	00:07:18.759	00:07:18.933	0.174	G
annotation	00:07:18.933	00:07:19.107	0.174	R
annotation	00:07:19.107	00:07:19.595	0.488	S
annotation	00:07:19.595	00:07:19.752	0.157	D
annotation	00:07:19.752	00:07:19.909	0.157	S
annotation	00:07:19.909	00:07:20.060	0.151	R
annotation	00:07:20.060	00:07:20.320	0.260	M
annotation	00:07:20.320	00:07:20.499	0.180	P
annotation	00:07:20.499	00:07:20.639	0.139	R
annotation	00:07:20.639	00:07:20.801	0.163	M
annotation	00:07:20.801	00:07:20.961	0.160	P
annotation	00:07:20.961	00:07:21.121	0.160	D
annotation	00:07:21.121	00:07:21.260	0.139	P
annotation	00:07:21.260	00:07:21.460	0.200	M
annotation	00:07:21.460	00:07:21.600	0.139	P
annotation	00:07:21.600	00:07:21.759	0.160	D
annotation	00:07:21.759	00:07:21.898	0.139	S
annotation	00:07:21.898	00:07:22.078	0.180	M
annotation	00:07:22.078	00:07:22.221	0.142	P
annotation	00:07:22.221	00:07:22.401	0.180	D
annotation	00:07:22.401	00:07:22.540	0.139	S
annotation	00:07:22.540	00:07:22.700	0.160	R
annotation	00:07:22.700	00:07:22.796	0.096	G
annotation	00:07:22.796	00:07:23.104	0.308	R
annotation	00:07:23.104	00:07:23.266	0.162	S
annotation	00:07:23.266	00:07:23.460	0.194	N
annotation	00:07:23.460	00:07:23.591	0.131	D
annotation	00:07:23.591	00:07:23.741	0.150	R
annotation	00:07:23.741	00:07:24.040	0.299	S
annotation	00:07:24.040	00:07:24.190	0.150	N
annotation	00:07:24.190	00:07:24.343	0.153	D
annotation	00:07:24.343	00:07:24.496	0.153	P
annotation	00:07:24.496	00:07:24.649	0.153	D
annotation	00:07:24.649	00:07:24.942	0.292	P
annotation	00:07:24.942	00:07:25.039	0.097	M
annotation	00:07:25.039	00:07:25.201	0.163	G
annotation	00:07:25.201	00:07:25.361	0.160	R
annotation	00:07:25.361	00:07:25.500	0.139	M
annotation	00:07:25.500	00:07:25.660	0.160	P
annotation	00:07:25.660	00:07:25.820	0.160	D
annotation	00:07:25.820	00:07:25.909	0.089	S
annotation	00:07:25.909	00:07:26.061	0.152	R
annotation	00:07:26.061	00:07:26.261	0.200	G
annotation	00:07:26.261	00:07:26.364	0.103	R
annotation	00:07:26.364	00:07:26.516	0.152	S
annotation	00:07:26.516	00:07:26.653	0.137	N
annotation	00:07:26.653	00:07:26.790	0.137	D
annotation	00:07:26.790	00:07:27.059	0.270	P
annotation	00:07:27.059	00:07:27.217	0.157	M
annotation	00:07:27.217	00:07:27.399	0.182	G
annotation	00:07:27.399	00:07:27.522	0.124	R
annotation	00:07:27.522	00:07:27.840	0.318	S
annotation	00:07:27.840	000000000:07	0.160	R
annotation	000000000:07	00:07:28.162	0.163	M
annotation	00:07:28.162	00:07:28.360	0.198	P
annotation	00:07:28.360	00:07:29.443	1.083	D
annotation	00:07:29.443	00:07:29.800	0.357	M
annotation	00:07:29.800	00:07:30.181	0.381	P
annotation	00:07:30.181	00:07:30.561	0.381	D
annotation	00:07:30.561	00:07:31.317	0.755	S
annotation	00:07:31.317	00:07:31.667	0.350	N
annotation	00:07:31.667	00:07:32.017	0.350	D
annotation	00:07:32.017	00:07:32.354	0.337	P
annotation	00:07:32.354	00:07:32.691	0.337	M
annotation	00:07:32.691	00:07:33.025	0.333	G
annotation	00:07:33.025	00:07:33.381	0.356	R
annotation	00:07:33.381	00:07:33.690	0.309	S
annotation	00:07:33.690	00:07:34.021	0.332	D
annotation	00:07:34.021	00:07:35.021	0.999	R
annotation	00:07:35.021	00:07:35.338	0.317	R
annotation	00:07:35.338	00:07:35.668	0.330	S
annotation	00:07:35.668	00:07:35.961	0.293	R
annotation	00:07:35.961	00:07:36.327	0.366	M
annotation	00:07:36.327	00:07:37.014	0.687	P
annotation	00:07:37.014	00:07:37.380	0.366	D
annotation	00:07:37.380	00:07:37.701	0.321	P
annotation	00:07:37.701	00:07:38.031	0.330	N
annotation	00:07:38.031	00:07:38.364	0.334	D
annotation	00:07:38.364	00:07:38.698	0.334	P
annotation	00:07:38.698	00:07:38.748	0.050	M
annotation	00:07:38.748	00:07:38.798	0.050	P
